{"vscode-cpptools": {"version": "0.27.0", "adapters": {"vscode-cpptools": {"name": "cppdbg", "command": ["${gadgetDir}/vscode-cpptools/debugAdapters/OpenDebugAD7"], "attach": {"pidProperty": "processId", "pidSelect": "ask"}, "configuration": {"type": "cppdbg", "args": [], "cwd": "${workspaceRoot}", "environment": []}}}, "file_name": "cpptools-linux.vsix", "checksum": "3695202e1e75a03de18049323b66d868165123f26151f8c974a480eaf0205435", "download": {"url": "https://github.com/Microsoft/vscode-cpptools/releases/download/${version}/${file_name}"}}}