{
	"c_cpp.command.configurationSelect.title": "Выберите конфигурацию...",
	"c_cpp.command.configurationProviderSelect.title": "Изменение поставщика конфигурации...",
	"c_cpp.command.configurationEditJSON.title": "Изменить конфигурации (JSON)",
	"c_cpp.command.configurationEditUI.title": "Изменить конфигурации (пользовательский интерфейс)",
	"c_cpp.command.switchHeaderSource.title": "Переключить заголовок/источник",
	"c_cpp.command.enableErrorSquiggles.title": "Включить волнистые линии для ошибок",
	"c_cpp.command.disableErrorSquiggles.title": "Отключить волнистые линии для ошибок",
	"c_cpp.command.toggleIncludeFallback.title": "Переключить резервный вариант подсистемы IntelliSense при ошибках включения",
	"c_cpp.command.toggleDimInactiveRegions.title": "Переключить раскраску неактивных областей",
	"c_cpp.command.resetDatabase.title": "Сброс базы данных IntelliSense",
	"c_cpp.command.takeSurvey.title": "Пройти опрос",
	"c_cpp.command.buildAndDebugActiveFile.title": "Сборка и отладка активного файла",
	"c_cpp.command.logDiagnostics.title": "Журнал диагностики",
	"c_cpp.command.referencesViewGroupByType.title": "Группирование по ссылке",
	"c_cpp.command.referencesViewUngroupByType.title": "Отмена группирования по ссылке",
	"c_cpp.command.rescanWorkspace.title": "Повторное сканирование рабочей области",
	"c_cpp.command.vcpkgClipboardInstallSuggested.title": "Копировать команду vcpkg install в буфер обмена",
	"c_cpp.command.vcpkgOnlineHelpSuggested.title": "Посетите страницу справки по vcpkg",
	"c_cpp.configuration.clang_format_path.description": "Полный путь к исполняемому файлу clang-format. Если значение не указано, а clang-format доступен в пути среды, то используется clang-format. Если clang-format не найден в пути среды, будет использоваться копия clang-format, поддерживаемая расширением.",
	"c_cpp.configuration.clang_format_style.description": "Стиль кода, сейчас поддерживаются: Visual Studio, LLVM, Google, Chromium, Mozilla, WebKit. Используйте \"file\", чтобы загрузить стиль из файла CLANG-FORMAT в текущем или родительском каталоге. Используйте {key: value, ...}, чтобы задать конкретные параметры. Например, стиль \"Visual Studio\" похож на следующий: { BasedOnStyle: LLVM, UseTab: Never, IndentWidth: 4, TabWidth: 4, BreakBeforeBraces: Allman, AllowShortIfStatementsOnASingleLine: false, IndentCaseLabels: false, ColumnLimit: 0, AccessModifierOffset: -4 }",
	"c_cpp.configuration.clang_format_fallbackStyle.description": "Имя предопределенного стиля, используемое в качестве резервного варианта при вызове CLANG-FORMAT со стилем \"file\", однако файл CLANG-FORMAT не найден. Возможные значения: Visual Studio, LLVM, Google, Chromium, Mozilla, WebKit, none, либо используйте {key: value, ...} для задания конкретных параметров. Например, стиль \"Visual Studio\" похож на следующий: { BasedOnStyle: LLVM, UseTab: Never, IndentWidth: 4, TabWidth: 4, BreakBeforeBraces: Allman, AllowShortIfStatementsOnASingleLine: false, IndentCaseLabels: false, ColumnLimit: 0, AccessModifierOffset: -4 }",
	"c_cpp.configuration.clang_format_sortIncludes.description": "Если параметр задан, он переопределяет поведение сортировки включения, определяемое параметром SortIncludes.",
	"c_cpp.configuration.intelliSenseEngine.description": "Управляет поставщиком IntelliSense. Значение \"Анализатор тегов\" дает нечеткие результаты, не учитывающие контекст. Значение \"По умолчанию\" дает результаты с учетом контекста. Значение \"Отключено\" выключает компоненты языковой службы C/C++.",
	"c_cpp.configuration.intelliSenseEngineFallback.description": "Определяет, будет ли подсистема IntelliSense автоматически переключаться на анализатор тегов для единиц трансляции, содержащих ошибки #include.",
	"c_cpp.configuration.autocomplete.description": "Управляет поставщиком автозаполнения. При значении Default (По умолчанию) используется активная подсистема IntelliSense. При значении Disabled (Отключено) используется завершение на основе слов, предоставляемое Visual Studio Code.",
	"c_cpp.configuration.errorSquiggles.description": "Определяет, будут ли возможные ошибки компиляции, обнаруживаемые подсистемой IntelliSense, выводиться в редакторе. Этот параметр игнорируется подсистемой анализатора тегов.",
	"c_cpp.configuration.dimInactiveRegions.description": "Определяет, окрашены ли неактивные блоки препроцессора иначе, чем активный код. Этот параметр не работает, если функция IntelliSense отключена или используется тема с высокой контрастностью по умолчанию.",
	"c_cpp.configuration.inactiveRegionOpacity.description": "Управляет непрозрачностью неактивных блоков препроцессора. Масштабируется в диапазоне от 0,1 до 1,0. Этот параметр применяется только при включенном затенении неактивной области.",
	"c_cpp.configuration.inactiveRegionForegroundColor.description": "Управляет цветом шрифта для неактивных блоков препроцессора. Входные данные имеют форму шестнадцатеричного кода цвета или допустимого цвета темы. Если значение не задано, по умолчанию используется схема раскраски синтаксических конструкций из редактора. Этот параметр применяется только при включенном затенении неактивной области.",
	"c_cpp.configuration.inactiveRegionBackgroundColor.description": "Управляет цветом фона для неактивных блоков препроцессора. Входные данные имеют форму шестнадцатеричного кода цвета или допустимого цвета темы. Если значение не задано, по умолчанию используется прозрачное отображение. Этот параметр применяется только при включенном затенении неактивной области.",
	"c_cpp.configuration.formatting.description": "Значение Default (По умолчанию) включает форматирование кода, а значение Disabled (Отключено) отключает его.",
	"c_cpp.configuration.loggingLevel.description": "Уровень детализации для журнала на панели вывода. Порядок уровней от наименее подробных к наиболее подробным: \"Нет\" < \"Ошибка\" < \"Предупреждение\" < \"Информация\" < \"Отладка\".",
	"c_cpp.configuration.autoAddFileAssociations.description": "Определяет, будут ли файлы автоматически добавляться в files.associations, если они являются целью операции навигации из файла C/C++.",
	"c_cpp.configuration.workspaceParsingPriority.description": "Определяет, используется ли спящий режим при анализе неактивных файлов рабочей области, чтобы избежать 100-процентной загрузки ЦП. Значения \"highest/high/medium/low\" соответствуют приблизительно 100/75/50/25-процентной загрузке ЦП.",
	"c_cpp.configuration.workspaceSymbols.description": "Символы, включаемые в результаты запроса при вызове функции \"Перейти к символу в рабочей области\"",
	"c_cpp.configuration.exclusionPolicy.description": "Предписывает расширению использовать параметр \"files.exclude\" при определении того, какие файлы нужно добавить в базу данных навигации по коду при обходе путей в массиве \"browse.path\". \"checkFolders\" означает, что фильтры исключения будут вычисляться только один раз для папки (отдельные файлы не проверяются). \"checkFilesAndFolders\" означает, что фильтры исключения будут вычисляться для отдельных найденных файлов и папок. Если параметр \"files.exclude\" содержит только папки, то вариант \"checkFolders\" подходит лучше всего и увеличивает скорость, с которой расширение может инициализировать базу данных навигации по коду.",
	"c_cpp.configuration.preferredPathSeparator.description": "Символ, используемый в качестве разделителя пути для результатов автозавершения #include.",
	"c_cpp.configuration.commentContinuationPatterns.items.anyof.string.description": "Шаблон, который начинается с многострочного или однострочного примечания. Шаблон продолжения по умолчанию имеет значение \" * \" для многострочных примечаний или соответствует этой строке для однострочных примечаний.",
	"c_cpp.configuration.commentContinuationPatterns.items.anyof.object.begin.description": "Шаблон, который начинается с многострочного или однострочного примечания.",
	"c_cpp.configuration.commentContinuationPatterns.items.anyof.object.continue.description": "Текст, который будет вставлен в следующую строку при нажатии клавиши ВВОД в многострочном или однострочном примечании.",
	"c_cpp.configuration.commentContinuationPatterns.description": "Определяет поведение редактора при нажатии клавиши ВВОД внутри многострочного или однострочного примечания.",
	"c_cpp.configuration.configurationWarnings.description": "Определяет, будут ли отображаться всплывающие уведомления, если расширение поставщика конфигурации не может предоставить конфигурацию для исходного файла.",
	"c_cpp.configuration.intelliSenseCachePath.description": "Определяет путь к папке для кэшированных предварительно скомпилированных заголовков, используемых IntelliSense. Путь к кэшу по умолчанию: \"%LocalAppData%/Microsoft/vscode-cpptools\" в Windows, \"$XDG_CACHE_HOME/vscode-cpptools/\" в Linux (или \"$HOME/.cache/vscode-cpptools/\", если переменная среды XDG_CACHE_HOME не определена) и \"$HOME/Library/Caches/vscode-cpptools/\" в Mac. Если путь не указан или не является допустимым, используется путь по умолчанию.",
	"c_cpp.configuration.intelliSenseCacheSize.description": "Максимальный размер (в мегабайтах) пространства на жестком диске для каждой рабочей области, предназначенный для кэшированных предкомпилированных заголовков; фактическое использование может колебаться в районе этого значения. Размер по умолчанию — 5120 МБ. Кэширование предкомпилированных заголовков отключено, если размер равен 0.",
	"c_cpp.configuration.default.includePath.description": "Значение, используемое в конфигурации, если параметр \"includePath\" не указан, или вставляемые значения, если в \"includePath\" присутствует значение \"${default}\".",
	"c_cpp.configuration.default.defines.description": "Значение, используемое в конфигурации, если параметр \"defines\" не указан, или вставляемые значения, если в \"defines\" присутствует значение \"${default}\".",
	"c_cpp.configuration.default.macFrameworkPath.description": "Значение, используемое в конфигурации, если параметр \"macFrameworkPath\" не указан, или вставляемые значения, если в \"macFrameworkPath\" присутствует значение \"${default}\".",
	"c_cpp.configuration.default.windowsSdkVersion.description": "Версия пути включения Windows SDK для использования в Windows, например \"10.0.17134.0\".",
	"c_cpp.configuration.default.compileCommands.description": "Значение, используемое в конфигурации, если параметр \"compileCommands\" не указан или имеет значение \"${default}\".",
	"c_cpp.configuration.default.forcedInclude.description": "Значение, используемое в конфигурации, если параметр \"forcedInclude\" не указан, или вставляемые значения, если в \"forcedInclude\" присутствует значение \"${default}\".",
	"c_cpp.configuration.default.intelliSenseMode.description": "Значение, используемое в конфигурации, если параметр \"intelliSenseMode\" не указан или имеет значение \"${default}\".",
	"c_cpp.configuration.default.compilerPath.description": "Значение, используемое в конфигурации, если параметр \"compilerPath\" не указан или имеет значение \"${default}\".",
	"c_cpp.configuration.default.compilerArgs.description": "Значение, используемое в конфигурации, если параметр \"compilerArgs\" не указан или имеет значение \"${default}\".",
	"c_cpp.configuration.default.cStandard.description": "Значение, используемое в конфигурации, если параметр \"cStandard\" не указан или имеет значение \"${default}\".",
	"c_cpp.configuration.default.cppStandard.description": "Значение, используемое в конфигурации, если параметр \"cppStandard\" не указан или имеет значение \"${default}\".",
	"c_cpp.configuration.default.configurationProvider.description": "Значение, используемое в конфигурации, если параметр \"configurationProvider\" не указан или имеет значение \"${default}\".",
	"c_cpp.configuration.default.browse.path.description": "Значение, используемое в конфигурации, если параметр \"browse.path\" не указан, или вставляемые значения, если в \"browse.path\" присутствует значение \"${default}\".",
	"c_cpp.configuration.default.browse.databaseFilename.description": "Значение, используемое в конфигурации, если параметр \"browse.databaseFilename\" не указан или имеет значение \"${default}\".",
	"c_cpp.configuration.default.browse.limitSymbolsToIncludedHeaders.description": "Значение, используемое в конфигурации, если параметр \"browse.limitSymbolsToIncludedHeaders\" не указан или имеет значение \"${default}\".",
	"c_cpp.configuration.default.systemIncludePath.description": "Значение, используемое для системного пути включения. Если этот параметр задан, он переопределяет системный путь включения, полученный с помощью параметров \"compilerPath\" и \"compileCommands\".",
	"c_cpp.configuration.default.enableConfigurationSquiggles.description": "Определяет, будет ли расширение сообщать об ошибках, обнаруженных в c_cpp_properties.json.",
	"c_cpp.configuration.updateChannel.description": "Укажите значение \"Участники программы предварительной оценки\", чтобы автоматически скачать и установить последние сборки программы предварительной оценки, включающие в себя запланированные функции и исправления ошибок.",
	"c_cpp.configuration.experimentalFeatures.description": "Определяет, можно ли использовать \"экспериментальные\" функции.",
	"c_cpp.configuration.suggestSnippets.description": "Если задано значение true, фрагменты кода предоставляются языковым сервером.",
	"c_cpp.configuration.enhancedColorization.description": "Если этот параметр включен, код выделяется цветом на основе IntelliSense. Этот параметр не работает, если функция IntelliSense отключена или используется тема с высокой контрастностью по умолчанию.",
	"c_cpp.configuration.vcpkg.enabled.markdownDescription": "Включите службы интеграции для [диспетчера зависимостей vcpkg](https://aka.ms/vcpkg/).",
	"c_cpp.configuration.renameRequiresIdentifier.description": "Если этот параметр имеет значение true, для операции \"Переименование символов\" потребуется указать допустимый идентификатор C/C++.",
	"c_cpp.configuration.debugger.useBacktickCommandSubstitution.description": "Если задано значение true, для подстановки команд оболочки отладчика будет использоваться устаревший обратный апостроф (`)",
	"c_cpp.contributes.views.cppReferencesView.title": "C/C++: результаты по другим ссылкам",
	"c_cpp.contributes.viewsContainers.activitybar.CppRenameActivityBar.title": "Переименование C/C++",
	"c_cpp.contributes.views.cppRenamePendingView.title": "Ожидание переименования",
	"c_cpp.contributes.views.cppRenameCandidatesView.title": "Кандидаты для переименования",
	"c_cpp.command.CppRenameView.remove.title": "Удалить ссылку",
	"c_cpp.command.CppRenameView.add.title": "Добавить ссылку",
	"c_cpp.command.CppRenameView.removeAll.title": "Удаление всех ссылок",
	"c_cpp.command.CppRenameView.addAll.title": "Добавить все ссылки",
	"c_cpp.command.CppRenameView.removeFile.title": "Удаление ссылок в файле",
	"c_cpp.command.CppRenameView.addFile.title": "Добавление ссылок в файл",
	"c_cpp.command.CppRenameView.addReferenceType.title": "Добавление ссылок типа",
	"c_cpp.command.CppRenameView.cancel.title": "Отмена переименования",
	"c_cpp.command.CppRenameView.done.title": "Фиксация переименования",
	"c_cpp.debuggers.pipeTransport.description": "При наличии сообщает отладчику о необходимости подключения к удаленному компьютеру с помощью другого исполняемого файла в качестве канала, который будет пересылать стандартный ввод и вывод между VS Code и исполняемым файлом отладчика с поддержкой MI в серверной части (например, gdb).",
	"c_cpp.debuggers.pipeTransport.default.pipeProgram": "Введите полный путь к имени программы канала, например: \"/usr/bin/ssh\"",
	"c_cpp.debuggers.pipeTransport.default.debuggerPath": "Полный путь к отладчику на конечном компьютере, например: /usr/bin/gdb.",
	"c_cpp.debuggers.pipeTransport.debuggerPath.description": "Полный путь к отладчику на конечном компьютере, например: /usr/bin/gdb.",
	"c_cpp.debuggers.pipeTransport.pipeCwd.description": "Полный путь к рабочему каталогу для программы канала.",
	"c_cpp.debuggers.pipeTransport.pipeProgram.description": "Полная команда канала для выполнения.",
	"c_cpp.debuggers.pipeTransport.pipeArgs.description": "Аргументы командной строки, переданные в программу канала для настройки подключения.",
	"c_cpp.debuggers.pipeTransport.pipeEnv.description": "Переменные среды, переданные в программу канала.",
	"c_cpp.debuggers.logging.description": "Необязательные флаги для определения типов сообщений, регистрируемых в консоли отладки.",
	"c_cpp.debuggers.logging.exceptions.description": "Необязательный флаг, определяющий, следует ли регистрировать сообщения об исключениях в консоли отладки. По умолчанию принимает значение true.",
	"c_cpp.debuggers.logging.moduleLoad.description": "Необязательный флаг, определяющий, следует ли регистрировать события загрузки модулей в консоли отладки. По умолчанию принимает значение true.",
	"c_cpp.debuggers.logging.programOutput.description": "Необязательный флаг, определяющий, следует ли регистрировать выходные данные программы в консоли отладки. По умолчанию принимает значение true.",
	"c_cpp.debuggers.logging.engineLogging.description": "Необязательный флаг, определяющий, следует ли регистрировать сообщения диагностического модуля отладки в консоли отладки. По умолчанию принимает значение false.",
	"c_cpp.debuggers.logging.trace.description": "Необязательный флаг, определяющий, следует ли регистрировать трассировку команд диагностического адаптера в консоли отладки. По умолчанию принимает значение false.",
	"c_cpp.debuggers.logging.traceResponse.description": "Необязательный флаг, определяющий, следует ли регистрировать трассировку команд и ответов диагностического адаптера в консоли отладки. По умолчанию принимает значение false.",
	"c_cpp.debuggers.text.description": "Команда отладчика для выполнения.",
	"c_cpp.debuggers.description.description": "Необязательное описание команды.",
	"c_cpp.debuggers.ignoreFailures.description": "Если задано значение true, сбои этой команды должны игнорироваться. Значение по умолчанию — false.",
	"c_cpp.debuggers.program.description": "Полный путь к исполняемому файлу программы.",
	"c_cpp.debuggers.args.description": "Аргументы командной строки, переданные в программу.",
	"c_cpp.debuggers.cppdbg.type.description": "Тип подсистемы. Должно быть \"cppdbg\".",
	"c_cpp.debuggers.cppvsdbg.type.description": "Тип подсистемы. Должно быть \"cppvsdbg\".",
	"c_cpp.debuggers.targetArchitecture.description": "Архитектура отлаживаемого объекта. Будет определяться автоматически, если этот параметр не задан. Допустимые значения: x86, arm, arm64, mips, x64, amd64, x86_64.",
	"c_cpp.debuggers.cwd.description": "Рабочий каталог целевой программы",
	"c_cpp.debuggers.setupCommands.description": "Одна или несколько команд GDB/LLDB, выполняемых для настройки базового отладчика. Пример: \"setupCommands\": [ { \"text\": \"-enable-pretty-printing\", \"description\": \"Enable GDB pretty printing\", \"ignoreFailures\": true }].",
	"c_cpp.debuggers.customLaunchSetupCommands.description": "Если этот параметр задан, он заменяет команды по умолчанию, используемые для запуска целевого объекта, некоторыми другими командами. Например, это может быть \"-target-attach\" для подключения к целевому процессу. Если указать пустой список команд для замены команд запуска, никакие команды выполняться не будут, что может быть удобно в случаях, когда параметры запуска предоставляются отладчику как параметры командной строки. Пример: \"customLaunchSetupCommands\": [ { \"text\": \"target-run\", \"description\": \"run target\", \"ignoreFailures\": false }].",
	"c_cpp.debuggers.launchCompleteCommand.description": "Команда, выполняемая после полной настройки отладчика для запуска целевого процесса. Допустимые значения: \"exec-run\", \"exec-continue\", \"None\". Значение по умолчанию: \"exec-run\".",
	"c_cpp.debuggers.cppdbg.visualizerFile.description": "Файл NATVIS, используемый при отладке этого процесса. Этот параметр несовместим с автоматическим форматированием GDB. Если этот параметр используется, см. также описание \"showDisplayString\".",
	"c_cpp.debuggers.cppvsdbg.visualizerFile.description": "Файл NATVIS, используемый при отладке этого процесса.",
	"c_cpp.debuggers.showDisplayString.description": "Если указано значение visualizerFile, showDisplayString включит отображаемую строку. Включение этого параметра может привести к снижению производительности во время отладки.",
	"c_cpp.debuggers.environment.description": "Переменные среды для добавления в среду для программы. Пример: [ { \"name\": \"squid\", \"value\": \"clam\" } ].",
	"c_cpp.debuggers.envFile.description": "Абсолютный путь к файлу, содержащему определения переменных среды. Этот файл содержит пары \"ключ-значение\", разделенные знаком равенства и разнесенные по строкам. Например, \"ключ=значение\"",
	"c_cpp.debuggers.additionalSOLibSearchPath.description": "Список каталогов, разделенных точкой с запятой, который следует использовать для поиска файлов SO. Пример: \"c:\\каталог_1;c:\\каталог_2\".",
	"c_cpp.debuggers.MIMode.description": "Указывает отладчик консоли, к которому подключится MIDebugEngine. Допустимые значения: \"gdb\" \"lldb\".",
	"c_cpp.debuggers.miDebuggerPath.description": "Путь к отладчику MI (например, GDB). Если он не задан, сначала будет выполнен поиск пути для отладчика.",
	"c_cpp.debuggers.miDebuggerArgs.description": "Дополнительные аргументы для отладчика MI (например, GDB).",
	"c_cpp.debuggers.miDebuggerServerAddress.description": "Сетевой адрес сервера отладчика MI, к которому требуется подключиться (пример: localhost:1234).",
	"c_cpp.debuggers.stopAtEntry.description": "Необязательный параметр. Если задано значение true, отладчик должен остановиться на точке входа целевого объекта. Если передается идентификатор процесса (processId), он не оказывает никакого влияния.",
	"c_cpp.debuggers.debugServerPath.description": "Необязательный полный путь к серверу отладки для запуска. Значение по умолчанию: null.",
	"c_cpp.debuggers.debugServerArgs.description": "Необязательные аргументы сервера отладки. Значение по умолчанию: null.",
	"c_cpp.debuggers.serverStarted.description": "Дополнительный запускаемый сервером шаблон для поиска в выходных данных сервера отладки. Значение по умолчанию: null.",
	"c_cpp.debuggers.filterStdout.description": "Поиск запущенного сервером шаблона в потоке stdout и регистрация stdout в выходных данных отладки. Значение по умолчанию: true.",
	"c_cpp.debuggers.filterStderr.description": "Поиск запущенного сервером шаблона в потоке stderr и регистрация stderr в выходных данных отладки. Значение по умолчанию: false.",
	"c_cpp.debuggers.serverLaunchTimeout.description": "Необязательный период (в миллисекундах), в течение которого отладчик будет ожидать запуска debugServer. Значение по умолчанию: 10000.",
	"c_cpp.debuggers.coreDumpPath.description": "Необязательный полный путь к основному файлу дампа для указанной программы. Значение по умолчанию: null.",
	"c_cpp.debuggers.cppdbg.externalConsole.description": "Если задано значение true, для отлаживаемого объекта запускается консоль. Если задано значение false, в Linux и Windows он отображается в интегрированной консоли.",
	"c_cpp.debuggers.cppvsdbg.externalConsole.description": "Если задано значение true, для отлаживаемого объекта запускается консоль. Если задано значение false, консоль не запускается.",
	"c_cpp.debuggers.avoidWindowsConsoleRedirection.description": "Если задано значение true, отключается перенаправление консоли отлаживаемого объекта, необходимое для поддержки встроенного терминала.",
	"c_cpp.debuggers.sourceFileMap.description": "Необязательные сопоставления исходного файла, переданные в подсистему отладки. Пример: \"{ \"/original/source/path\":\"/current/source/path\" }\"",
	"c_cpp.debuggers.processId.anyOf.description": "Необязательный идентификатор процесса, к которому требуется подключить отладчик. Используйте \"${command:pickProcess}\", чтобы получить список локальных запущенных процессов для подключения. Обратите внимание, что для подключения к процессу на некоторых платформах требуются права администратора.",
	"c_cpp.debuggers.symbolSearchPath.description": "Список каталогов, разделенных точкой с запятой, который следует использовать для поиска файлов символов (таких как PDB). Пример: \"c:\\каталог_1;c:\\каталог_2\".",
	"c_cpp.debuggers.dumpPath.description": "Необязательный полный путь к основному файлу дампа для указанной программы. Пример: \"c:\\temp\\app.dmp\". Значение по умолчанию: null.",
	"c_cpp.debuggers.enableDebugHeap.description": "Если задано значение false, процесс будет запущен с отключенной кучей отладки. При этом для переменной среды \"_NO_DEBUG_HEAP\" устанавливается значение \"1\".",
	"c_cpp.debuggers.symbolLoadInfo.description": "Явный контроль загрузки символов.",
	"c_cpp.debuggers.symbolLoadInfo.loadAll.description": "При значении true (истина) будут загружаться символы для всех библиотек. В противном случае символы общих библиотек (solib) загружаться не будут. По умолчанию: true.",
	"c_cpp.debuggers.symbolLoadInfo.exceptionList.description": "Список имен файлов (допустимы подстановочные знаки), разделенных точкой с запятой (\";\") изменяет работу LoadAll. Если LoadAll имеет значение true (истина), то для библиотек, имя которых соответствует какому-либо имени в списке, символы загружаться не будут. В противном случае символы будут загружаться только для библиотек с именами из списка. Пример: \"foo.so;bar.so\".",
	"c_cpp.debuggers.requireExactSource.description": "Необязательный флаг, требующий соответствия текущего исходного кода PDB-файлу."
}