{
	"c_cpp.command.configurationSelect.title": "选择配置...",
	"c_cpp.command.configurationProviderSelect.title": "更改配置提供程序...",
	"c_cpp.command.configurationEditJSON.title": "编辑配置(JSON)",
	"c_cpp.command.configurationEditUI.title": "编辑配置(UI)",
	"c_cpp.command.switchHeaderSource.title": "切换标头/源",
	"c_cpp.command.enableErrorSquiggles.title": "启用错误波形曲线",
	"c_cpp.command.disableErrorSquiggles.title": "禁用错误波形曲线",
	"c_cpp.command.toggleIncludeFallback.title": "在包含错误上切换 IntelliSense 引擎回退",
	"c_cpp.command.toggleDimInactiveRegions.title": "切换非活动区域着色",
	"c_cpp.command.resetDatabase.title": "重置 IntelliSense 数据库",
	"c_cpp.command.takeSurvey.title": "参加调查",
	"c_cpp.command.buildAndDebugActiveFile.title": "生成和调试活动文件",
	"c_cpp.command.logDiagnostics.title": "日志诊断",
	"c_cpp.command.referencesViewGroupByType.title": "按引用类型分组",
	"c_cpp.command.referencesViewUngroupByType.title": "按引用类型取消分组",
	"c_cpp.command.rescanWorkspace.title": "重新扫描工作区",
	"c_cpp.command.vcpkgClipboardInstallSuggested.title": "将 vcpkg 安装命令复制到剪贴板",
	"c_cpp.command.vcpkgOnlineHelpSuggested.title": "访问 vcpkg 帮助页",
	"c_cpp.configuration.clang_format_path.description": "Clang 格式可执行文件的完整路径。如果未指定，并且 Clang 格式在环境路径中可用，则使用 Clang 格式。如果在环境路径中找不到 Clang 格式，则将使用与该扩展绑定的 Clang 格式的副本。",
	"c_cpp.configuration.clang_format_style.description": "编码样式，当前支持: Visual Studio、LLVM、Google、Chromium、Mozilla、WebKit。使用 \"file\" 从当前目录或父目录中的 .clang-format 文件中加载样式。使用 {key: value, ...} 设置特定参数。例如，\"Visual Studio\" 样式类似于: { BasedOnStyle: LLVM, UseTab: Never, IndentWidth: 4, TabWidth: 4, BreakBeforeBraces: Allman, AllowShortIfStatementsOnASingleLine: false, IndentCaseLabels: false, ColumnLimit: 0, AccessModifierOffset: -4 }",
	"c_cpp.configuration.clang_format_fallbackStyle.description": "如果使用样式 \"file\" 调用 clang 格式但是找不到 .clang-format 文件，则使用预定义的样式的名称作为回退。可能的值为 Visual Studio、LLVM、Google、Chromium、Mozilla、WebKit、none，或使用 {key: value, ...} 设置特定参数。例如，\"Visual Studio\" 样式类似于: { BasedOnStyle: LLVM, UseTab: Never, IndentWidth: 4, TabWidth: 4, BreakBeforeBraces: Allman, AllowShortIfStatementsOnASingleLine: false, IndentCaseLabels: false, ColumnLimit: 0, AccessModifierOffset: -4 }",
	"c_cpp.configuration.clang_format_sortIncludes.description": "如果已设置，则重写由 SortIncludes 参数确定的包含排序行为。",
	"c_cpp.configuration.intelliSenseEngine.description": "控制 IntelliSense 提供程序。“标记分析器”提供非上下文感知的“模糊”结果。“默认”提供上下文感知结果。“已禁用”将关闭 C/C++ 语言服务功能。",
	"c_cpp.configuration.intelliSenseEngineFallback.description": "控制 IntelliSense 引擎是否自动切换到包含 #include 错误的翻译单元的标记分析器。",
	"c_cpp.configuration.autocomplete.description": "控制自动完成提供程序。“默认”使用活动 IntelliSense 引擎。“已禁用”使用由 Visual Studio Code 提供的基于单词的完成。",
	"c_cpp.configuration.errorSquiggles.description": "控制是否向编辑器回传 IntelliSense 引擎检测到的可疑编译错误。标记分析器引擎会忽略此设置。",
	"c_cpp.configuration.dimInactiveRegions.description": "控制非活动预处理程序块的颜色是否与活动代码不同。如果禁用了 IntelliSense 或使用“默认高对比度”主题，则此设置不起任何作用。",
	"c_cpp.configuration.inactiveRegionOpacity.description": "控制非活动预处理程序块的不透明度。介于 0.1 和 1.0 之间。此设置仅在启用了非活动区域变暗时适用。",
	"c_cpp.configuration.inactiveRegionForegroundColor.description": "控制非活动预处理程序块的字体颜色。输入的格式为十六进制颜色代码或有效的主题颜色。如果未设置，则默认为编辑器的语法颜色方案。此设置仅在启用非活动区域变暗时适用。",
	"c_cpp.configuration.inactiveRegionBackgroundColor.description": "控制非活动预处理程序块的背景颜色。输入的格式为十六进制颜色代码或有效的主题颜色。如果未设置，则默认为透明。此设置仅在启用了非活动区域变暗时适用。",
	"c_cpp.configuration.formatting.description": "“默认”启用代码格式设置。“已禁用”禁用代码格式设置。",
	"c_cpp.configuration.loggingLevel.description": "输出面板中日志记录的详细程度。从最低详细程度到最高详细程度的顺序为: None < Error < Warning < Information < Debug。",
	"c_cpp.configuration.autoAddFileAssociations.description": "控制当文件是来自 C/C++ 文件的导航操作的目标时，是否将文件自动添加到 files.associations。",
	"c_cpp.configuration.workspaceParsingPriority.description": "控制在分析非活动工作区文件时是否使用休眠以避免 CPU 使用率达到 100%。最高/高/中等/低的值约对应于 100/75/50/25% 的 CPU 使用率。",
	"c_cpp.configuration.workspaceSymbols.description": "调用“转到工作区中的符号”时要包含在查询结果中的符号",
	"c_cpp.configuration.exclusionPolicy.description": "在遍历 \"browse.path\" 数组中的路径并确定应将哪些文件添加到代码导航数据库中时，指示扩展何时使用 \"files.exclude\" 设置。\"checkFolders\" 表示仅为每个文件夹评估一次排除筛选器(不检查单个文件)。\"checkFilesAndFolders\" 表示将对遇到的每个文件和文件夹评估排除筛选器。如果 \"files.exclude\" 设置仅包含文件夹，则 \"checkFolders\" 是最佳选择，可提高扩展对代码导航数据库执行初始化的速度。",
	"c_cpp.configuration.preferredPathSeparator.description": "要作为 #include 自动完成结果的路径分隔符使用的字符。",
	"c_cpp.configuration.commentContinuationPatterns.items.anyof.string.description": "开启一个多行或单行注释块的模式。多行注释块的延续模式默认为 \"*\"，单行注释块的延续模式默认为此字符串。",
	"c_cpp.configuration.commentContinuationPatterns.items.anyof.object.begin.description": "开启一个多行或单行注释块的模式。",
	"c_cpp.configuration.commentContinuationPatterns.items.anyof.object.continue.description": "在多行或单行注释块内按下 Enter 键时要插入到下一行的文本。",
	"c_cpp.configuration.commentContinuationPatterns.description": "定义在多行或单行注释块内按下 Enter 键时的编辑器行为。",
	"c_cpp.configuration.configurationWarnings.description": "确定在配置提供程序扩展无法提供源文件配置时是否显示弹出通知。",
	"c_cpp.configuration.intelliSenseCachePath.description": "为 IntelliSense 使用的缓存预编译标头定义文件夹路径。Windows 上的默认缓存路径为 \"%LocalAppData%/Microsoft/vscode-cpptools\"，Linux 上为 \"$XDG_CACHE_HOME/vscode-cpptools/\" (若未定义 XDG_CACHE_HOME 则为 \"$HOME/.cache/vscode-cpptools/\")，Mac 上为 \"$HOME/Library/Caches/vscode-cpptools/\"。如果未指定路径或指定路径无效，则使用默认路径。",
	"c_cpp.configuration.intelliSenseCacheSize.description": "缓存的预编译标头的每个工作区硬盘驱动器空间的最大大小(MB)；实际使用量可能在此值上下波动。默认大小为 5120 MB。当大小为 0 时，预编译的标头缓存将被禁用。",
	"c_cpp.configuration.default.includePath.description": "未指定 \"includePath\" 时要在配置中使用的值，或 \"includePath\" 中存在 \"${default}\" 时要插入的值。",
	"c_cpp.configuration.default.defines.description": "未指定 \"defines\" 时要在配置中使用的值，或 \"defines\" 中存在 \"${default}\" 时要插入的值。",
	"c_cpp.configuration.default.macFrameworkPath.description": "未指定 \"macFrameworkPath\" 时要在配置中使用的值，或 \"macFrameworkPath\" 中存在 \"${default}\" 时要插入的值。",
	"c_cpp.configuration.default.windowsSdkVersion.description": "要在 Windows 上使用的 Windows SDK 包含路径的版本，例如 \"10.0.17134.0\"。",
	"c_cpp.configuration.default.compileCommands.description": "未指定 \"compileCommands\" 时或将其设置为 \"${default}\" 时要在配置中使用的值。",
	"c_cpp.configuration.default.forcedInclude.description": "未指定 \"forcedInclude\" 时要在配置中使用的值，或 \"forcedInclude\" 中存在 \"${default}\" 时要插入的值。",
	"c_cpp.configuration.default.intelliSenseMode.description": "未指定 \"intelliSenseMode\" 时或将其设置为 \"${default}\" 时要在配置中使用的值。",
	"c_cpp.configuration.default.compilerPath.description": "未指定 \"compilerPath\" 时或将其设置为 \"${default}\" 时要在配置中使用的值。",
	"c_cpp.configuration.default.compilerArgs.description": "未指定 \"compilerArgs\" 时或将其设置为 \"${default}\" 时要在配置中使用的值。",
	"c_cpp.configuration.default.cStandard.description": "未指定 \"cStandard\" 时或将其设置为 \"${default}\" 时要在配置中使用的值。",
	"c_cpp.configuration.default.cppStandard.description": "未指定 \"cppStandard\" 时或将其设置为 \"${default}\" 时要在配置中使用的值。",
	"c_cpp.configuration.default.configurationProvider.description": "未指定 \"configurationProvider\" 时或将其设置为 \"${default}\" 时要在配置中使用的值。",
	"c_cpp.configuration.default.browse.path.description": "未指定 \"browse. path\" 时要在配置中使用的值，或 \"browse.path\" 中存在 \"${default}\" 时要插入的值。",
	"c_cpp.configuration.default.browse.databaseFilename.description": "未指定 \"browse.databaseFilename\" 时或将其设置为 \"${default}\" 时要在配置中使用的值。",
	"c_cpp.configuration.default.browse.limitSymbolsToIncludedHeaders.description": "未指定 \"browse.limitSymbolsToIncludedHeaders\" 时或将其设置为 \"${default}\" 时要在配置中使用的值。",
	"c_cpp.configuration.default.systemIncludePath.description": "要用于系统包含路径的值。如果已设置，它会覆盖通过 \"compilerPath\" 和 \"compileCommands\" 设置获取的系统包含路径。",
	"c_cpp.configuration.default.enableConfigurationSquiggles.description": "控制扩展是否报告在 c_cpp_properties.json 中检测到的错误。",
	"c_cpp.configuration.updateChannel.description": "设置为“预览体验”以自动下载并安装扩展的最新预览体验版本，其中包括即将推出的功能和 bug 修复。",
	"c_cpp.configuration.experimentalFeatures.description": "控制“实验性”功能是否可用。",
	"c_cpp.configuration.suggestSnippets.description": "如果为 true，则由语言服务器提供片段。",
	"c_cpp.configuration.enhancedColorization.description": "如果启用了 IntelliSense，则基于 IntelliSense 对代码进行着色。如果禁用了 IntelliSense 或使用默认高对比度主题，则此设置不起任何作用。",
	"c_cpp.configuration.vcpkg.enabled.markdownDescription": "为 [vcpkg 依赖关系管理器] 启用集成服务(https://aka.ms/vcpkg/)。",
	"c_cpp.configuration.renameRequiresIdentifier.description": "如果为 true，则“重命名符号”将需要有效的 C/C++ 标识符。",
	"c_cpp.configuration.debugger.useBacktickCommandSubstitution.description": "如果为 true，调试器 shell 命令替换将使用过时的反引号(`)",
	"c_cpp.contributes.views.cppReferencesView.title": "C/C++: 其他引用结果",
	"c_cpp.contributes.viewsContainers.activitybar.CppRenameActivityBar.title": "C/C++ 重命名",
	"c_cpp.contributes.views.cppRenamePendingView.title": "正在等待重命名",
	"c_cpp.contributes.views.cppRenameCandidatesView.title": "重命名候选项",
	"c_cpp.command.CppRenameView.remove.title": "删除引用",
	"c_cpp.command.CppRenameView.add.title": "添加引用",
	"c_cpp.command.CppRenameView.removeAll.title": "删除所有引用",
	"c_cpp.command.CppRenameView.addAll.title": "添加所有引用",
	"c_cpp.command.CppRenameView.removeFile.title": "删除文件中的引用",
	"c_cpp.command.CppRenameView.addFile.title": "在文件中添加引用",
	"c_cpp.command.CppRenameView.addReferenceType.title": "添加以下类型的引用",
	"c_cpp.command.CppRenameView.cancel.title": "取消重命名",
	"c_cpp.command.CppRenameView.done.title": "提交重命名",
	"c_cpp.debuggers.pipeTransport.description": "如果存在，这会指示调试程序使用其他可执行文件作为管道来连接到远程计算机，此管道将在 VS Code 和已启用 MI 的调试程序后端可执行文件(如 gdb)之间中继标准输入/输入。",
	"c_cpp.debuggers.pipeTransport.default.pipeProgram": "输入管道程序名称的完全限定路径，例如 \"/usr/bin/ssh\"",
	"c_cpp.debuggers.pipeTransport.default.debuggerPath": "目标计算机上调试程序的完整路径，例如 /usr/bin/gdb。",
	"c_cpp.debuggers.pipeTransport.debuggerPath.description": "目标计算机上调试程序的完整路径，例如 /usr/bin/gdb。",
	"c_cpp.debuggers.pipeTransport.pipeCwd.description": "管道程序工作目录的完全限定的路径。",
	"c_cpp.debuggers.pipeTransport.pipeProgram.description": "要执行的完全限定的管道命令。",
	"c_cpp.debuggers.pipeTransport.pipeArgs.description": "传递给管道程序配置连接的命令行参数。",
	"c_cpp.debuggers.pipeTransport.pipeEnv.description": "传递给程序的环境变量。",
	"c_cpp.debuggers.logging.description": "用于确定应将哪些类型的消息记录到调试控制台的可选标志。",
	"c_cpp.debuggers.logging.exceptions.description": "用于确定是否应将异常消息记录到调试控制台的可选标志。默认为 true。",
	"c_cpp.debuggers.logging.moduleLoad.description": "用于确定是否应将模块加载事件记录到调试控制台的可选标志。默认为 true。",
	"c_cpp.debuggers.logging.programOutput.description": "用于确定是否应将程序输出记录到调试控制台的可选标志。默认为 true。",
	"c_cpp.debuggers.logging.engineLogging.description": "用于确定是否应将诊断调试引擎消息记录到调试控制台的可选标志。默认为 false。",
	"c_cpp.debuggers.logging.trace.description": "用于确定是否应将诊断适配器命令跟踪记录到调试控制台的可选标志。默认为 false。",
	"c_cpp.debuggers.logging.traceResponse.description": "用于确定是否应将诊断适配器命令和响应跟踪记录到调试控制台的可选标志。默认为 false。",
	"c_cpp.debuggers.text.description": "要执行的调试命令。",
	"c_cpp.debuggers.description.description": "此命令的可选说明。",
	"c_cpp.debuggers.ignoreFailures.description": "如果为 true，应忽略此命令的失败。默认值为 false。",
	"c_cpp.debuggers.program.description": "程序可执行文件的完整路径。",
	"c_cpp.debuggers.args.description": "传递给程序的命令行参数。",
	"c_cpp.debuggers.cppdbg.type.description": "引擎的类型。必须为 \"cppdbg\"。",
	"c_cpp.debuggers.cppvsdbg.type.description": "引擎的类型。必须为 \"cppvsdbg\"。",
	"c_cpp.debuggers.targetArchitecture.description": "调试对象的体系结构。如果未设置此参数，将进行自动检测。允许的值有 x86、arm、arm64、mips、x64、amd64、x86_64。",
	"c_cpp.debuggers.cwd.description": "目标的工作目录",
	"c_cpp.debuggers.setupCommands.description": "为了安装基础调试程序而执行的一个或多个 GDB/LLDB 命令。示例: \"setupCommands\": [ { \"text\": \"-enable-pretty-printing\", \"description\": \"Enable GDB pretty printing\", \"ignoreFailures\": true }]。",
	"c_cpp.debuggers.customLaunchSetupCommands.description": "如果已提供，将使用其他命令替换用于启动目标的默认命令。例如，附加到目标进程的命令可以为 \"-target-attach\"。如果是空命令列表，将不会用任何内容替换启动命令。此功能可在向调试程序提供启动选项作为命令行选项时很有用。示例: \"customLaunchSetupCommands\": [ { \"text\": \"target-run\", \"description\": \"run target\", \"ignoreFailures\": false }]。",
	"c_cpp.debuggers.launchCompleteCommand.description": "调试程序完全安装后，为了使目标进程运行而执行的命令。允许的值为 \"exec-run\"、\"exec-continue\"、\"None\"。默认值为 \"exec-run\"。",
	"c_cpp.debuggers.cppdbg.visualizerFile.description": "调试此进程时要使用的 .natvis 文件。此选项与 GDB 整齐打印不兼容。如果使用此设置，请同时查看 \"showDisplayString\"。",
	"c_cpp.debuggers.cppvsdbg.visualizerFile.description": "调试此进程时要使用的 .natvis 文件。",
	"c_cpp.debuggers.showDisplayString.description": "指定了 visualizerFile 时，showDisplayString 将启用显示字符串。启用此选项可能会导致调试期间的性能下降。",
	"c_cpp.debuggers.environment.description": "要添加到程序环境的环境变量。示例: [ { \"name\": \"squid\", \"value\": \"clam\" } ]。",
	"c_cpp.debuggers.envFile.description": "包含环境变量定义的文件的绝对路径。此文件具有每行由等号分隔的键值对。例如: KEY=VALUE",
	"c_cpp.debuggers.additionalSOLibSearchPath.description": "要用于搜索 .so 文件的目录列表(以分号分隔)。示例: \"c:\\dir1;c:\\dir2\"。",
	"c_cpp.debuggers.MIMode.description": "指示 MIDebugEngine 要连接到的控制台调试程序。允许的值为 \"gdb\"、\"lldb\"。",
	"c_cpp.debuggers.miDebuggerPath.description": "MI 调试程序(如 gdb)的路径。如果未指定，将首先在路径中搜索调试程序。",
	"c_cpp.debuggers.miDebuggerArgs.description": "MI 调试程序(如 gdb)的其他参数。",
	"c_cpp.debuggers.miDebuggerServerAddress.description": "要连接到的 MI 调试程序服务器的网络地址(示例: localhost:1234)。",
	"c_cpp.debuggers.stopAtEntry.description": "可选参数。如果为 true，则调试程序应在目标的入口点处停止。如果传递了 processId，则不起任何作用。",
	"c_cpp.debuggers.debugServerPath.description": "要启动的调试服务器的可选完整路径。默认为 null。",
	"c_cpp.debuggers.debugServerArgs.description": "可选调试服务器参数。默认为 null。",
	"c_cpp.debuggers.serverStarted.description": "要在调试服务器输出中查找的可选服务器启动模式。默认为 null。",
	"c_cpp.debuggers.filterStdout.description": "在 stdout 流中搜索服务器启动模式，并将 stdout 记录到默认输出。默认为 true。",
	"c_cpp.debuggers.filterStderr.description": "在 stderr 流中搜索服务器启动模式，并将 stderr 记录到调试输出。默认为 false。",
	"c_cpp.debuggers.serverLaunchTimeout.description": "调试程序等待 debugServer 启动的可选时间(毫秒)。默认为 10000。",
	"c_cpp.debuggers.coreDumpPath.description": "指定程序的核心转储文件的可选完整路径。默认为 null。",
	"c_cpp.debuggers.cppdbg.externalConsole.description": "如果为 true，则为调试对象启动控制台。如果为 false，它在 Linux 和 Windows 上会显示在集成控制台中。",
	"c_cpp.debuggers.cppvsdbg.externalConsole.description": "如果为 true，将为调试对象启动控制台。如果为 false，将不启动任何控制台。",
	"c_cpp.debuggers.avoidWindowsConsoleRedirection.description": "如果为 true，则禁用集成终端支持所需的调试对象控制台重定向。",
	"c_cpp.debuggers.sourceFileMap.description": "传递到调试引擎的可选源文件映射。示例: \"{ \"/original/source/path\":\"/current/source/path\" }\"",
	"c_cpp.debuggers.processId.anyOf.description": "要将调试程序附加到的可选进程 ID。使用 \"${command:pickProcess}\" 获取要附加到的本地运行进程的列表。请注意，一些平台需要管理员权限才能附加到进程。",
	"c_cpp.debuggers.symbolSearchPath.description": "用于搜索符号(即 pdb)文件的目录列表(以分号分隔)。示例: \"c:\\dir1;c:\\dir2\"。",
	"c_cpp.debuggers.dumpPath.description": "指定程序的转储文件的可选完整路径。例如: \"c:\\temp\\app.dmp\"。默认为 null。",
	"c_cpp.debuggers.enableDebugHeap.description": "如果为 false，将在禁用调试堆的情况下启动该进程。这会将环境变量 \"_NO_DEBUG_HEAP\" 设置为 \"1\"。",
	"c_cpp.debuggers.symbolLoadInfo.description": "对符号加载的显式控制。",
	"c_cpp.debuggers.symbolLoadInfo.loadAll.description": "如果为 true，则将加载所有库的符号；否则不加载任何 solib 符号。默认值为 true。",
	"c_cpp.debuggers.symbolLoadInfo.exceptionList.description": "以分号 \";\" 分隔的文件名列表(允许使用通配符)。修改 LoadAll 的行为。如果 LoadAll 为 true，则不加载与列表中任何名称匹配的库的符号。否则，仅为匹配的库加载符号。示例: \"foo.so;bar.so\"",
	"c_cpp.debuggers.requireExactSource.description": "可选标志，用于要求当前源代码与 pdb 匹配。"
}