{
	"c_cpp.command.configurationSelect.title": "Seleccione una configuración...",
	"c_cpp.command.configurationProviderSelect.title": "Cambiar el proveedor de configuración...",
	"c_cpp.command.configurationEditJSON.title": "Editar configuraciones (JSON)",
	"c_cpp.command.configurationEditUI.title": "Editar configuraciones (interfaz de usuario)",
	"c_cpp.command.switchHeaderSource.title": "Cambiar el encabezado o el origen",
	"c_cpp.command.enableErrorSquiggles.title": "Habilitar el subrayado ondulado de errores",
	"c_cpp.command.disableErrorSquiggles.title": "Deshabilitar el subrayado ondulado de errores",
	"c_cpp.command.toggleIncludeFallback.title": "Alternar el elemento Fallback del motor de IntelliSense cuando se producen errores de include",
	"c_cpp.command.toggleDimInactiveRegions.title": "Alternar el coloreado de las regiones inactivas",
	"c_cpp.command.resetDatabase.title": "Restablecer la base de datos de IntelliSense",
	"c_cpp.command.takeSurvey.title": "Realizar encuesta",
	"c_cpp.command.buildAndDebugActiveFile.title": "Compilar y depurar el archivo activo",
	"c_cpp.command.logDiagnostics.title": "Registrar diagnósticos",
	"c_cpp.command.referencesViewGroupByType.title": "Agrupar por tipo de referencia",
	"c_cpp.command.referencesViewUngroupByType.title": "Desagrupar por tipo de referencia",
	"c_cpp.command.rescanWorkspace.title": "Volver a examinar el área de trabajo",
	"c_cpp.command.vcpkgClipboardInstallSuggested.title": "Copiar el comando vcpkg install en el Portapapeles",
	"c_cpp.command.vcpkgOnlineHelpSuggested.title": "Visitar la página de ayuda de vcpkg",
	"c_cpp.configuration.clang_format_path.description": "Ruta de acceso completa del archivo ejecutable clang-format. Si no se especifica y clang-format está disponible en la ruta de acceso del entorno, se usa este. Si no se encuentra en la ruta de acceso del entorno, se usará una copia de clang-format incluida con la extensión.",
	"c_cpp.configuration.clang_format_style.description": "Estilo de codificación. Actualmente, admite: Visual Studio, LLVM, Google, Chromium, Mozilla, WebKit. Use \"file\" para cargar el estilo de un archivo .clang-format en el directorio actual o primario. Use {clave: valor,...} para establecer parámetros específicos. Por ejemplo, el estilo de \"Visual Studio\" es similar a: { BasedOnStyle: LLVM, UseTab: Never, IndentWidth: 4, TabWidth: 4, BreakBeforeBraces: Allman, AllowShortIfStatementsOnASingleLine: false, IndentCaseLabels: false, ColumnLimit: 0, AccessModifierOffset: -4 }",
	"c_cpp.configuration.clang_format_fallbackStyle.description": "Nombre del estilo predefinido que se usa como elemento Fallback en el caso de que se invoque a clang-format con el estilo \"file\" y no se encuentre el archivo .clang-format. Los valores posibles son Visual Studio, LLVM, Google, Chromium, Mozilla, WebKit, ninguno o usar {clave: valor,...} para establecer parámetros específicos. Por ejemplo, el estilo \"Visual Studio\" es similar a: { BasedOnStyle: LLVM, UseTab: Never, IndentWidth: 4, TabWidth: 4, BreakBeforeBraces: Allman, AllowShortIfStatementsOnASingleLine: false, IndentCaseLabels: false, ColumnLimit: 0, AccessModifierOffset: -4 }",
	"c_cpp.configuration.clang_format_sortIncludes.description": "Si se establece, invalida el comportamiento de ordenación de instrucciones include que determina el parámetro SortIncludes.",
	"c_cpp.configuration.intelliSenseEngine.description": "Controla el proveedor de IntelliSense. \"Analizador de etiquetas\" proporciona resultados \"aproximados\" que no tienen en cuenta el contexto. \"Predeterminado\" proporciona resultados que sí tienen en cuenta el contexto. \"Deshabilitado\" desactiva las características del servicio de lenguaje de C/C++.",
	"c_cpp.configuration.intelliSenseEngineFallback.description": "Controla si el motor de IntelliSense cambiará automáticamente al analizador de etiquetas para las unidades de traducción que contengan errores de #include.",
	"c_cpp.configuration.autocomplete.description": "Controla el proveedor de finalización automática. \"Default\" usa el motor de IntelliSense activo. \"Disabled\" usa la finalización basada en palabras que proporciona Visual Studio Code.",
	"c_cpp.configuration.errorSquiggles.description": "Controla si los posibles errores de compilación detectados por el motor de IntelliSense se notificarán al editor. El motor del analizador de etiquetas omite esta configuración.",
	"c_cpp.configuration.dimInactiveRegions.description": "Controla si los bloques de preprocesador inactivos se colorean de forma diferente a la del código activo. Esta configuración no tiene efecto si IntelliSense está deshabilitado o si usa el tema de contraste alto predeterminado.",
	"c_cpp.configuration.inactiveRegionOpacity.description": "Controla la opacidad de los bloques de preprocesador inactivos. Escala el valor entre 0,1 y 1,0. Esta configuración solo se aplica cuando está habilitada la atenuación de regiones inactivas.",
	"c_cpp.configuration.inactiveRegionForegroundColor.description": "Controla el color de la fuente en los bloques de preprocesador inactivos. La entrada se realiza en forma de código de color hexadecimal o de un color para temas válido. Si no se establece, se usa como valor predeterminado la combinación de colores de la sintaxis del editor. Esta configuración solo se aplica cuando está habilitada la atenuación de regiones inactivas.",
	"c_cpp.configuration.inactiveRegionBackgroundColor.description": "Controla el color de fondo de los bloques de preprocesador inactivos. La entrada se realiza en forma de código de color hexadecimal o de un color para temas válido. Si no se establece, el valor predeterminado es transparente. Esta configuración solo se aplica cuando está habilitada la atenuación de regiones inactivas.",
	"c_cpp.configuration.formatting.description": "\"Default\" permite dar formato al código. \"Disabled\" no permite dar formato al código.",
	"c_cpp.configuration.loggingLevel.description": "Nivel de detalle del registro en el panel de salida. El orden de los niveles de menos detallado a más detallado es: Ninguno < Error < Advertencia < Información < Depuración.",
	"c_cpp.configuration.autoAddFileAssociations.description": "Controla si los archivos se agregan automáticamente a files.associations cuando son el destino de una operación de navegación desde un archivo de C/C++.",
	"c_cpp.configuration.workspaceParsingPriority.description": "Controla si el análisis de los archivos de área de trabajo no activos los pone en suspensión para evitar el uso del 100 % de la CPU. Los valores highest/high/medium/low corresponden a un uso de la CPU aproximado del 100 %, 75 %, 50 % y 25 % respectivamente.",
	"c_cpp.configuration.workspaceSymbols.description": "Símbolos que se incluirán en los resultados de la consulta cuando se invoque \"Ir al símbolo en el área de trabajo\"",
	"c_cpp.configuration.exclusionPolicy.description": "Indica a la extensión cuándo debe usarse la configuración \"files.exclude\" para determinar qué archivos deben agregarse a la base de datos de navegación del código mientras se recorren las rutas de acceso de la matriz \"browse.path\". \"checkFolders\" indica que los filtros de exclusión solo se evaluarán una vez por carpeta (no se comprueban los archivos individuales). \"checkFilesAndFolders\" indica que los filtros de exclusión se evaluarán en todas las carpetas y los archivos encontrados. Si \"files.exclude\" solo contiene carpetas, entonces \"checkFolders\" es la mejor opción y aumentará la velocidad con la que la extensión puede inicializar la base de datos de navegación del código.",
	"c_cpp.configuration.preferredPathSeparator.description": "Carácter usado como separador de ruta de acceso para los resultados de finalización automática de instrucciones #include.",
	"c_cpp.configuration.commentContinuationPatterns.items.anyof.string.description": "Patrón que comienza un bloque de comentario de una o varias líneas. El valor predeterminado del patrón de continuación es \"*\" para los bloques de comentario multilínea o esta cadena para los bloques de comentario de una línea.",
	"c_cpp.configuration.commentContinuationPatterns.items.anyof.object.begin.description": "Patrón que comienza un bloque de comentario de una o varias líneas.",
	"c_cpp.configuration.commentContinuationPatterns.items.anyof.object.continue.description": "Texto que se insertará en la línea siguiente cuando se presione Entrar dentro de un bloque de comentario de una o varias líneas.",
	"c_cpp.configuration.commentContinuationPatterns.description": "Define el comportamiento del editor para cuando se presiona la tecla Entrar dentro de un bloque de comentario de una o varias líneas.",
	"c_cpp.configuration.configurationWarnings.description": "Determina si se muestran notificaciones emergentes cuando una extensión del proveedor de configuración no puede proporcionar una configuración para un archivo de código fuente.",
	"c_cpp.configuration.intelliSenseCachePath.description": "Define la ruta de acceso de la carpeta para los encabezados precompilados almacenados en caché que usa IntelliSense. La ruta de acceso de caché predeterminada es \"%LocalAppData%/Microsoft/vscode-cpptools\" en Windows, \"$XDG_CACHE_HOME/vscode-cpptools/\" en Linux (o \"$HOME/.cache/vscode-cpptools\" si XDG_CACHE_HOME no se ha definido) y \"$HOME/Library/Caches/vscode-cpptools/\" en Mac. La ruta de acceso predeterminada se utiliza si no se especifica ninguna ruta de acceso o se especifica una que no es válida.",
	"c_cpp.configuration.intelliSenseCacheSize.description": "Tamaño máximo del espacio del disco duro por área de trabajo en megabytes para los encabezados precompilados almacenados en caché. El uso real puede fluctuar en torno a este valor. El tamaño predeterminado es 5120 MB. El almacenamiento en caché de encabezados precompilados está deshabilitado cuando el tamaño es 0.",
	"c_cpp.configuration.default.includePath.description": "Valor que debe usarse en una configuración si no se especifica \"includePath\", o bien los valores que deben insertarse si se especifica \"${default}\" en \"includePath\".",
	"c_cpp.configuration.default.defines.description": "Valor que debe usarse en una configuración si no se especifica \"defines\", o bien los valores que se deben insertar si se especifica \"${default}\" en \"defines\".",
	"c_cpp.configuration.default.macFrameworkPath.description": "Valor que debe usarse en una configuración si no se especifica \"macFrameworkPath\", o bien los valores que deben insertarse si se especifica \"${default}\" en \"macFrameworkPath\".",
	"c_cpp.configuration.default.windowsSdkVersion.description": "Versión de la ruta de acceso de inclusión del SDK de Windows que debe usarse en Windows; por ejemplo, \"10.0.17134.0\".",
	"c_cpp.configuration.default.compileCommands.description": "Valor que debe usarse en una configuración si no se especifica \"compileCommands\" o si se establece en \"${default}\".",
	"c_cpp.configuration.default.forcedInclude.description": "Valor que debe usarse en una configuración si no se especifica \"forcedInclude\", o bien los valores que deben insertarse si se especifica \"${default}\" en \"forcedInclude\".",
	"c_cpp.configuration.default.intelliSenseMode.description": "Valor que debe usarse en una configuración si no se especifica \"intelliSenseMode\" o si se establece en \"${default}\".",
	"c_cpp.configuration.default.compilerPath.description": "Valor que debe usarse en una configuración si no se especifica \"compilerPath\" o si se establece en \"${default}\".",
	"c_cpp.configuration.default.compilerArgs.description": "Valor que debe usarse en una configuración si no se especifica \"compilerArgs\" o si se establece en \"${default}\".",
	"c_cpp.configuration.default.cStandard.description": "Valor que debe usarse en una configuración si no se especifica \"cStandard\" o si se establece en \"${default}\".",
	"c_cpp.configuration.default.cppStandard.description": "Valor que debe usarse en una configuración si no se especifica \"cppStandard\" o si se establece en \"${default}\".",
	"c_cpp.configuration.default.configurationProvider.description": "Valor que debe usarse en una configuración si no se especifica \"configurationProvider\" o si se establece en \"${default}\".",
	"c_cpp.configuration.default.browse.path.description": "Valor que debe usarse en una configuración si no se especifica \"browse.path\", o bien los valores que deben insertarse si se especifica \"${default}\" en \"browse.path\".",
	"c_cpp.configuration.default.browse.databaseFilename.description": "Valor que debe usarse en una configuración si no se ha especificado \"browse.databaseFilename\" o se ha establecido en \"${default}\".",
	"c_cpp.configuration.default.browse.limitSymbolsToIncludedHeaders.description": "Valor que debe usarse en una configuración si no se ha especificado \"browse.limitSymbolsToIncludedHeaders\" o se ha establecido en \"${default}\".",
	"c_cpp.configuration.default.systemIncludePath.description": "Valor que debe usarse para la ruta de acceso de inclusión del sistema. Si se establece, invalida la ruta de acceso de inclusión del sistema adquirida a través de las opciones de configuración \"compilerPath\" y \"compileCommands\".",
	"c_cpp.configuration.default.enableConfigurationSquiggles.description": "Controla si la extensión notificará los errores detectados en c_cpp_properties.json.",
	"c_cpp.configuration.updateChannel.description": "Establezca esta opción en \"Insiders\" para descargar e instalar automáticamente las compilaciones más recientes de Insiders para la extensión, que incluyen nuevas características y correcciones de errores.",
	"c_cpp.configuration.experimentalFeatures.description": "Controla si se pueden usar las características \"experimentales\".",
	"c_cpp.configuration.suggestSnippets.description": "Si se establece en true, el servidor de lenguaje proporciona los fragmentos de código.",
	"c_cpp.configuration.enhancedColorization.description": "Si se habilita esta opción, el código se colorea de acuerdo con IntelliSense. Esta configuración no tiene efecto si IntelliSense está deshabilitado o si se utiliza el tema de contraste alto predeterminado.",
	"c_cpp.configuration.vcpkg.enabled.markdownDescription": "Habilita los servicios de integración para el [administrador de dependencias de vcpkg] (https://aka.ms/vcpkg/).",
	"c_cpp.configuration.renameRequiresIdentifier.description": "Si es true, \"Cambiar el nombre del símbolo\" requerirá un identificador de C/C++ válido.",
	"c_cpp.configuration.debugger.useBacktickCommandSubstitution.description": "Si es true, la sustitución de comandos del shell del depurador usará la marca de comilla simple (') obsoleta.",
	"c_cpp.contributes.views.cppReferencesView.title": "C/C++: resultados de otras referencias",
	"c_cpp.contributes.viewsContainers.activitybar.CppRenameActivityBar.title": "Cambio de nombre de C/C++",
	"c_cpp.contributes.views.cppRenamePendingView.title": "CAMBIO DE NOMBRE PENDIENTE",
	"c_cpp.contributes.views.cppRenameCandidatesView.title": "CANDIDATOS A CAMBIOS DE NOMBRE",
	"c_cpp.command.CppRenameView.remove.title": "Quitar referencia",
	"c_cpp.command.CppRenameView.add.title": "Agregar referencia",
	"c_cpp.command.CppRenameView.removeAll.title": "Quitar todas las referencias",
	"c_cpp.command.CppRenameView.addAll.title": "Agregar todas las referencias",
	"c_cpp.command.CppRenameView.removeFile.title": "Quitar referencias del archivo",
	"c_cpp.command.CppRenameView.addFile.title": "Agregar referencias en el archivo",
	"c_cpp.command.CppRenameView.addReferenceType.title": "Agregar referencias de tipo",
	"c_cpp.command.CppRenameView.cancel.title": "Cancelar el cambio de nombre",
	"c_cpp.command.CppRenameView.done.title": "Confirmar el cambio de nombre",
	"c_cpp.debuggers.pipeTransport.description": "Cuando se especifica, indica al depurador que se conecte a un equipo remoto usando otro archivo ejecutable como canalización que retransmitirá la entrada o la salida estándar entre VS Code y el archivo ejecutable del back-end del depurador habilitado para MI (por ejemplo, gdb).",
	"c_cpp.debuggers.pipeTransport.default.pipeProgram": "Escriba la ruta de acceso completa para el nombre del programa de canalización; por ejemplo, \"/usr/bin/ssh\".",
	"c_cpp.debuggers.pipeTransport.default.debuggerPath": "Ruta de acceso completa al depurador en la máquina de destino. Por ejemplo, /usr/bin/gdb.",
	"c_cpp.debuggers.pipeTransport.debuggerPath.description": "Ruta de acceso completa al depurador en la máquina de destino. Por ejemplo, /usr/bin/gdb.",
	"c_cpp.debuggers.pipeTransport.pipeCwd.description": "Ruta de acceso completa al directorio de trabajo del programa de canalización.",
	"c_cpp.debuggers.pipeTransport.pipeProgram.description": "Comando de canalización completo para ejecutar.",
	"c_cpp.debuggers.pipeTransport.pipeArgs.description": "Argumentos de la línea de comandos que se pasan al programa de canalización para configurar la conexión.",
	"c_cpp.debuggers.pipeTransport.pipeEnv.description": "Variables de entorno que se pasan al programa de canalización.",
	"c_cpp.debuggers.logging.description": "Marcas opcionales que determinan los tipos de mensajes que deben registrarse en la Consola de depuración.",
	"c_cpp.debuggers.logging.exceptions.description": "Marca opcional que determina si los mensajes de excepción deben registrarse en la Consola de depuración. El valor predeterminado es true.",
	"c_cpp.debuggers.logging.moduleLoad.description": "Marca opcional que determina si los eventos de carga de módulos deben registrarse en la Consola de depuración. El valor predeterminado es true.",
	"c_cpp.debuggers.logging.programOutput.description": "Marca opcional que determina si la salida del programa debe registrarse en la Consola de depuración. El valor predeterminado es true.",
	"c_cpp.debuggers.logging.engineLogging.description": "Marca opcional que determina si los mensajes del motor de depuración de diagnóstico deben registrarse en la Consola de depuración. El valor predeterminado es false.",
	"c_cpp.debuggers.logging.trace.description": "Marca opcional que determina si el seguimiento de comandos del adaptador de diagnóstico debe registrarse en la Consola de depuración. El valor predeterminado es false.",
	"c_cpp.debuggers.logging.traceResponse.description": "Marca opcional que determina si el seguimiento de comandos y respuestas del adaptador de diagnóstico debe registrarse en la Consola de depuración. El valor predeterminado es false.",
	"c_cpp.debuggers.text.description": "Comando del depurador para ejecutar.",
	"c_cpp.debuggers.description.description": "Descripción opcional del comando.",
	"c_cpp.debuggers.ignoreFailures.description": "Si se establece en true, los errores del comando deben omitirse. El valor predeterminado es false.",
	"c_cpp.debuggers.program.description": "Ruta de acceso completa al ejecutable del programa.",
	"c_cpp.debuggers.args.description": "Argumentos de la línea de comandos que se pasan al programa.",
	"c_cpp.debuggers.cppdbg.type.description": "Tipo de motor. Debe ser \"cppdbg\".",
	"c_cpp.debuggers.cppvsdbg.type.description": "Tipo de motor. Debe ser \"cppvsdbg\".",
	"c_cpp.debuggers.targetArchitecture.description": "Arquitectura del depurado. Se detectará automáticamente, a menos que se haya establecido este parámetro. Los valores permitidos son x86, arm, arm64, mips, x64, amd64 y x86_64.",
	"c_cpp.debuggers.cwd.description": "Directorio de trabajo del destino.",
	"c_cpp.debuggers.setupCommands.description": "Uno o varios comandos GDB/LLDB que deben ejecutarse para configurar el depurador subyacente. Ejemplo: \"setupCommands\": [ { \"text\": \"-enable-pretty-printing\", \"description\": \"Enable GDB pretty printing\", \"ignoreFailures\": true }].",
	"c_cpp.debuggers.customLaunchSetupCommands.description": "Si se proporciona, reemplaza los comandos predeterminados que se usan para iniciar un destino con otros comandos. Por ejemplo, puede ser \"-target-attach\" para asociar a un proceso de destino. Una lista de comandos vacía reemplaza los comandos de inicio por un valor vacío, lo que puede ser útil si se proporcionan opciones de inicio como opciones de la línea de comandos al depurador. Ejemplo: \"customLaunchSetupCommands\": [ { \"text\": \"target-run\", \"description\": \"run target\", \"ignoreFailures\": false }].",
	"c_cpp.debuggers.launchCompleteCommand.description": "Comando que debe ejecutarse una vez que el depurador se haya configurado por completo para que se ejecute el proceso de destino. Los valores permitidos son \"exec-run\", \"exec-continue\", \"None\". El valor predeterminado es \"exec-run\".",
	"c_cpp.debuggers.cppdbg.visualizerFile.description": "Archivo .natvis que debe usarse para depurar este proceso. Esta opción no es compatible con la impresión con sangría de GDB. Vea también \"showDisplayString\" si utiliza esta configuración.",
	"c_cpp.debuggers.cppvsdbg.visualizerFile.description": "Archivo. natvis que debe usarse para depurar este proceso.",
	"c_cpp.debuggers.showDisplayString.description": "Cuando se especifica visualizerFile, showDisplayString habilita la cadena para mostrar. La activación de esta opción puede ralentizar el rendimiento durante la depuración.",
	"c_cpp.debuggers.environment.description": "Variables de entorno que se agregan al entorno del programa. Ejemplo: [ { \"name\": \"squid\", \"value\": \"clam\" } ].",
	"c_cpp.debuggers.envFile.description": "Ruta de acceso absoluta a un archivo que contiene definiciones de variables de entorno. Este archivo tiene pares clave-valor separados por un signo igual por línea. Por ejemplo, CLAVE=VALOR.",
	"c_cpp.debuggers.additionalSOLibSearchPath.description": "Lista de directorios separados por punto y coma que debe usarse para buscar archivos .so. Ejemplo: \"c:\\dir1;c:\\dir2\".",
	"c_cpp.debuggers.MIMode.description": "Indica el depurador de la consola al que debe conectarse MIDebugEngine. Los valores permitidos son \"gdb\" y \"lldb\".",
	"c_cpp.debuggers.miDebuggerPath.description": "Ruta de acceso del depurador MI (como gdb). Si no se especifica, se busca primero el depurador donde indica la instrucción path.",
	"c_cpp.debuggers.miDebuggerArgs.description": "Argumentos adicionales para el depurador MI (como gdb).",
	"c_cpp.debuggers.miDebuggerServerAddress.description": "Dirección de red del servidor del depurador MI al que debe conectarse (ejemplo: localhost:1234).",
	"c_cpp.debuggers.stopAtEntry.description": "Parámetro opcional. Si se establece en true, el depurador debe detenerse en el punto de entrada del destino. Si se pasa processId, no tiene efecto.",
	"c_cpp.debuggers.debugServerPath.description": "Ruta de acceso completa opcional al servidor de depuración que se va a iniciar. El valor predeterminado es NULL.",
	"c_cpp.debuggers.debugServerArgs.description": "Argumentos opcionales del servidor de depuración. El valor predeterminado es NULL.",
	"c_cpp.debuggers.serverStarted.description": "Patrón opcional iniciado por el servidor que debe buscarse en la salida del servidor de depuración. El valor predeterminado es NULL.",
	"c_cpp.debuggers.filterStdout.description": "Busca la secuencia stdout para el patrón iniciado por el servidor y registra stdout en la salida de depuración. El valor predeterminado es true.",
	"c_cpp.debuggers.filterStderr.description": "Busca la secuencia stderr para el patrón iniciado por el servidor y registra stderr en la salida de depuración. El valor predeterminado es false.",
	"c_cpp.debuggers.serverLaunchTimeout.description": "Tiempo opcional, en milisegundos, que el depurador debe esperar a que se inicie debugServer. El valor predeterminado es 10000.",
	"c_cpp.debuggers.coreDumpPath.description": "Ruta de acceso completa opcional a un archivo de volcado de memoria básico para el programa especificado. El valor predeterminado es NULL.",
	"c_cpp.debuggers.cppdbg.externalConsole.description": "Si se establece en true, se inicia una consola para el depurado. Si se establece en false, en Linux y Windows aparecerá en la consola integrada.",
	"c_cpp.debuggers.cppvsdbg.externalConsole.description": "Si se establece en true, se inicia una consola para el depurado. Si se establece en false, no se inicia ninguna consola.",
	"c_cpp.debuggers.avoidWindowsConsoleRedirection.description": "Si se establece en true, se deshabilita la redirección de la consola del depurado necesaria para la compatibilidad con el terminal integrado.",
	"c_cpp.debuggers.sourceFileMap.description": "Asignaciones de archivo de código fuente opcionales que se pasan al motor de depuración. Ejemplo: \"{ \"/original/source/path\":\"/current/source/path\" }\"",
	"c_cpp.debuggers.processId.anyOf.description": "Id. de proceso opcional al que debe asociarse el depurador. Use \"${command:pickProcess}\" para obtener una lista de los procesos locales en ejecución a los que se puede asociar. Tenga en cuenta que algunas plataformas requieren privilegios de administrador para poder asociar el depurador a un proceso.",
	"c_cpp.debuggers.symbolSearchPath.description": "Lista de directorios separados por punto y coma que debe usarse para buscar archivos de símbolos (es decir, pdb). Ejemplo: \"c:\\dir1;c:\\dir2\".",
	"c_cpp.debuggers.dumpPath.description": "Ruta de acceso completa opcional a un archivo de volcado de memoria para el programa especificado. Ejemplo: \"c:\\temp\\app.dmp\". El valor predeterminado es null.",
	"c_cpp.debuggers.enableDebugHeap.description": "Si se establece en false, el proceso se iniciará con el montón de depuración deshabilitado. Esta opción establece la variable de entorno \"_NO_DEBUG_HEAP\" en \"1\".",
	"c_cpp.debuggers.symbolLoadInfo.description": "Control explícito de la carga de símbolos.",
	"c_cpp.debuggers.symbolLoadInfo.loadAll.description": "Si es true, se cargan los símbolos de todas las bibliotecas; de lo contrario, no se cargará ningún símbolo de la biblioteca compartida (solib). El valor predeterminado es true.",
	"c_cpp.debuggers.symbolLoadInfo.exceptionList.description": "Lista de nombres de archivo (se permiten comodines) separados por punto y coma \";\". Modifica el comportamiento de LoadAll. Si LoadAll es true, no se cargan los símbolos para las bibliotecas que coincidan con cualquier nombre de la lista. De lo contrario, solo se cargan los símbolos para las bibliotecas que coincidan. Ejemplo: \"foo.so;bar.so\"",
	"c_cpp.debuggers.requireExactSource.description": "Marca opcional que requiere que el código fuente actual coincida con el archivo PDB."
}