{
	"c_cpp.command.configurationSelect.title": "構成を選択する...",
	"c_cpp.command.configurationProviderSelect.title": "構成プロバイダーを変更する...",
	"c_cpp.command.configurationEditJSON.title": "構成の編集 (JSON)",
	"c_cpp.command.configurationEditUI.title": "構成の編集 (UI)",
	"c_cpp.command.switchHeaderSource.title": "ヘッダー/ソースの切り替え",
	"c_cpp.command.enableErrorSquiggles.title": "エラーの波線を有効にする",
	"c_cpp.command.disableErrorSquiggles.title": "エラーの波線を無効にする",
	"c_cpp.command.toggleIncludeFallback.title": "インクルード エラー時の IntelliSense エンジンのフォールバックの切り替え",
	"c_cpp.command.toggleDimInactiveRegions.title": "非アクティブな領域の色づけの切り替え",
	"c_cpp.command.resetDatabase.title": "IntelliSense データベースのリセット",
	"c_cpp.command.takeSurvey.title": "アンケートに答える",
	"c_cpp.command.buildAndDebugActiveFile.title": "アクティブ ファイルのビルドとデバッグ",
	"c_cpp.command.logDiagnostics.title": "診断のログ記録",
	"c_cpp.command.referencesViewGroupByType.title": "参照渡し型でグループ化",
	"c_cpp.command.referencesViewUngroupByType.title": "参照の種類によるグループ化解除",
	"c_cpp.command.rescanWorkspace.title": "ワークスペースの再スキャン",
	"c_cpp.command.vcpkgClipboardInstallSuggested.title": "vcpkg インストール コマンドをクリップボードにコピーする",
	"c_cpp.command.vcpkgOnlineHelpSuggested.title": "vcpkg のヘルプ ページへのアクセス",
	"c_cpp.configuration.clang_format_path.description": "clang-format の実行可能ファイルの完全なパスです。指定されておらず、clang-format が環境パスに置かれている場合は、それが使用されます。環境パスに見つからない場合は、拡張機能にバンドルされている clang-format のコピーが使用されます。",
	"c_cpp.configuration.clang_format_style.description": "次のコーディング スタイルが現在サポートされています: Visual Studio、LLVM、Google、Chromium、Mozilla、WebKit。\"file\" を使用して、現在のディレクトリまたは親ディレクトリにある .clang-format ファイルからスタイルを読み込みます。特定のパラメーターを設定するには、{key: value, ...} を使用します。たとえば、\"Visual Studio\" のスタイルは次のようになります: { BasedOnStyle: LLVM, UseTab: Never, IndentWidth: 4, TabWidth: 4, BreakBeforeBraces: Allman, AllowShortIfStatementsOnASingleLine: false, IndentCaseLabels: false, ColumnLimit: 0, AccessModifierOffset: -4 }",
	"c_cpp.configuration.clang_format_fallbackStyle.description": "clang-format が \"file\" スタイルで呼び出されたものの .clang-format ファイルが見つからない場合に、フォールバックとして使用される定義済みスタイルの名前。使用可能な値は、Visual Studio、LLVM、Google、Chromium、Mozilla、WebKit、none です。または、{key: value, ...} を使用して特定のパラメーターを設定することもできます。たとえば、\"Visual Studio\" スタイルは次のようになります: { BasedOnStyle: LLVM, UseTab: Never, IndentWidth: 4, TabWidth: 4, BreakBeforeBraces: Allman, AllowShortIfStatementsOnASingleLine: false, IndentCaseLabels: false, ColumnLimit: 0, AccessModifierOffset: -4 }",
	"c_cpp.configuration.clang_format_sortIncludes.description": "設定されている場合、SortIncludes パラメーターによって決定されるインクルードの並べ替え動作がオーバーライドされます。",
	"c_cpp.configuration.intelliSenseEngine.description": "IntelliSense プロバイダーを制御します。\"Tag Parser\" の場合、コンテキストを意識しない \"fuzzy\" の結果が提供されます。\"Default\" の場合、コンテキストを意識する結果が返されます。\"Disabled\" の場合、C/C++ 言語サービスの機能がオフになります。",
	"c_cpp.configuration.intelliSenseEngineFallback.description": "#include エラーを含む翻訳単位に対して、IntelliSense エンジンをタグ パーサーに自動的に切り替えるかどうかを制御します。",
	"c_cpp.configuration.autocomplete.description": "オートコンプリート プロバイダーを制御します。\"Default\" の場合、アクティブな IntelliSense エンジンが使用されます。\"Disabled\" の場合、Visual Studio Code が提供する単語ベースの補完が使用されます。",
	"c_cpp.configuration.errorSquiggles.description": "IntelliSense エンジンによって検出された疑わしいコンパイル エラーを、エディターに報告するかどうかを制御します。この設定はタグ パーサー エンジンでは無視されます。",
	"c_cpp.configuration.dimInactiveRegions.description": "アクティブではないプリプロセッサ ブロックを、アクティブ コードと違う色づけにするかどうかを制御します。この設定は、IntelliSense が無効になっている場合、または既定のハイ コントラスト テーマを使用している場合は効果がありません。",
	"c_cpp.configuration.inactiveRegionOpacity.description": "アクティブではないプリプロセッサ ブロックの不透明度を制御します。0.1 から 1.0 の範囲で指定します。この設定は、アクティブでない領域の暗転が有効な場合にのみ適用されます。",
	"c_cpp.configuration.inactiveRegionForegroundColor.description": "アクティブでないプリプロセッサ ブロックのフォントの色を制御します。入力の形式は 16 進数の色コードまたは有効なテーマの色です。設定しない場合、既定ではエディターの構文カラー スキームになります。この設定は、アクティブでない領域の暗転が有効な場合にのみ適用されます。",
	"c_cpp.configuration.inactiveRegionBackgroundColor.description": "アクティブでないプリプロセッサ ブロックの背景色を制御します。入力の形式は 16 進数の色コードまたは有効なテーマの色です。設定しない場合、既定では透明になります。この設定は、アクティブでない領域の暗転が有効な場合にのみ適用されます。",
	"c_cpp.configuration.formatting.description": "\"Default\" の場合、コードの書式設定が有効になります。\"Disabled\" の場合、コードの書式設定が無効になります。",
	"c_cpp.configuration.loggingLevel.description": "出力パネルでのログの詳細度。詳細度のレベルは、低いものから順に次のとおりです: なし < エラー < 警告 < 情報 < デバッグ。",
	"c_cpp.configuration.autoAddFileAssociations.description": "ファイルが C/C++ ファイルからのナビゲーション操作の対象である場合に、files.associations に自動的に追加されるかどうかを制御します。",
	"c_cpp.configuration.workspaceParsingPriority.description": "アクティブではないワークスペース ファイルの解析にスリープを使用して、CPU の使用率が 100% になるのを回避するかどうかを制御します。highest/high/medium/low の値は、おおよそ CPU の使用率 100/75/50/25% に対応します。",
	"c_cpp.configuration.workspaceSymbols.description": "[ワークスペース内のシンボルへ移動] が呼び出されたときにクエリ結果に含めるシンボル",
	"c_cpp.configuration.exclusionPolicy.description": "\"browse.path\" 配列内のパスを走査する際、コード ナビゲーションのデータベースに追加しなければならないファイルを決定するときに、いつ \"files.exclude\" 設定を使用するかを拡張機能に指示します。\"checkFolders\" は、除外フィルターがフォルダーごとに 1 度だけ評価されることを意味します (個々のファイルはチェックされません)。\"checkFilesAndFolders\" は、除外フィルターが、見つかるファイルおよびフォルダーすべてに対して評価されることを意味します。\"files.exclude\" 設定にフォルダーのみが含まれる場合は \"checkFolders\" が最適で、拡張機能がコード ナビゲーションのデータベースを初期化する速度が向上します。",
	"c_cpp.configuration.preferredPathSeparator.description": "#include のオートコンプリート結果でパス区切り記号として使用される文字です。",
	"c_cpp.configuration.commentContinuationPatterns.items.anyof.string.description": "複数行または単一行のコメント ブロックの先頭に置くパターン。継続のパターンの既定値は、複数行コメント ブロックの場合は ' * '、単一行コメント ブロックの場合はこの文字列です。",
	"c_cpp.configuration.commentContinuationPatterns.items.anyof.object.begin.description": "複数行または単一行のコメント ブロックの先頭に置くパターン。",
	"c_cpp.configuration.commentContinuationPatterns.items.anyof.object.continue.description": "複数行または単一行のコメント ブロック内で Enter を押したときに、次の行に挿入されるテキストです。",
	"c_cpp.configuration.commentContinuationPatterns.description": "複数行または単一行のコメント ブロック内で Enter キーが押されたときのエディターの動作を定義します。",
	"c_cpp.configuration.configurationWarnings.description": "構成プロバイダー拡張機能でソース ファイルの構成を提供できない場合に、ポップアップ通知を表示するかどうかを指定します。",
	"c_cpp.configuration.intelliSenseCachePath.description": "IntelliSense が使用する、キャッシュされたプリコンパイル済みヘッダーのフォルダー パスを定義します。既定のキャッシュ パスは、Windows では \"%LocalAppData%/Microsoft/vscode-cpptools\"、Linux では \"$XDG_CACHE_HOME/vscode-cpptools/\" (XDG_CACHE_HOME が定義されていない場合は、\"$HOME/.cache/vscode-cpptools/\" )、Mac では \"$HOME/Library/Caches/vscode-cpptools/\" です。パスが指定されていない場合、または指定したパスが無効な場合は、既定のパスが使用されます。",
	"c_cpp.configuration.intelliSenseCacheSize.description": "キャッシュされたプリコンパイル済みヘッダーの、ワークスペースごとのハード ドライブ領域の最大サイズ (MB 単位)。実際の使用量には多少の誤差があります。既定のサイズは 5120 MB です。サイズが 0 の場合、プリコンパイル済みヘッダーのキャッシュは無効になります。",
	"c_cpp.configuration.default.includePath.description": "\"includePath\" が指定されていない場合に構成で使用される値、または \"includePath\" 内に \"${default}\" が存在する場合に挿入される値です。",
	"c_cpp.configuration.default.defines.description": "\"defines\" が指定されていない場合に構成で使用される値、または \"defines\" 内に \"${default}\" が存在する場合に挿入される値です。",
	"c_cpp.configuration.default.macFrameworkPath.description": "\"macFrameworkPath\" が指定されていない場合に構成で使用される値、または \"macFrameworkPath\" 内に \"${default}\" が存在する場合に挿入される値です。",
	"c_cpp.configuration.default.windowsSdkVersion.description": "Windows で使用する Windows SDK インクルード パスのバージョン (例: '10.0.17134.0')。",
	"c_cpp.configuration.default.compileCommands.description": "\"compileCommands\" が指定されていないか、\"${default}\" に設定されている場合に、構成で使用される値です。",
	"c_cpp.configuration.default.forcedInclude.description": "\"forcedInclude\" が指定されていない場合に構成で使用される値、または \"forcedInclude\" 内に \"${default}\" が存在する場合に挿入される値です。",
	"c_cpp.configuration.default.intelliSenseMode.description": "\"intelliSenseMode\" が指定されていないか、\"${default}\" に設定されている場合に、構成で使用される値です。",
	"c_cpp.configuration.default.compilerPath.description": "\"compilerPath\" が指定されていないか、\"${default}\" に設定されている場合に、構成で使用される値です。",
	"c_cpp.configuration.default.compilerArgs.description": "\"compilerArgs\" が指定されていないか、\"${default}\" に設定されている場合に、構成で使用される値です。",
	"c_cpp.configuration.default.cStandard.description": "\"cStandard\" が指定されていないか、\"${default}\" に設定されている場合に、構成で使用される値です。",
	"c_cpp.configuration.default.cppStandard.description": "\"cppStandard\" が指定されていないか、\"${default}\" に設定されている場合に、構成で使用される値です。",
	"c_cpp.configuration.default.configurationProvider.description": "\"configurationProvider\" が指定されていないか、\"${default}\" に設定されている場合に、構成で使用される値です。",
	"c_cpp.configuration.default.browse.path.description": "\"browse.path\" が指定されていない場合に構成で使用される値、または \"browse.path\" 内に \"${default}\" が存在する場合に挿入される値です。",
	"c_cpp.configuration.default.browse.databaseFilename.description": "\"browse.databaseFilename\" が指定されていないか、\"${default}\" に設定されている場合に、構成で使用される値です。",
	"c_cpp.configuration.default.browse.limitSymbolsToIncludedHeaders.description": "\"browse.limitSymbolsToIncludedHeaders\" が指定されていないか、\"${default}\" に設定されている場合に、構成で使用される値です。",
	"c_cpp.configuration.default.systemIncludePath.description": "システム インクルード パスに使用する値です。これを設定した場合、\"compilerPath\" および \"compileCommands\" の設定によって取得されるシステム インクルード パスが上書きされます。",
	"c_cpp.configuration.default.enableConfigurationSquiggles.description": "拡張機能が、c_cpp_properties.json で検出されたエラーを報告するかどうかを制御します。",
	"c_cpp.configuration.updateChannel.description": "\"Insider\" に設定すると、拡張機能の最新の Insider ビルドが自動的にダウンロードされてインストールされます。これには、次期バージョンの機能とバグ修正が含まれています。",
	"c_cpp.configuration.experimentalFeatures.description": "\"experimental\" の機能を使用できるかどうかを制御します。",
	"c_cpp.configuration.suggestSnippets.description": "true の場合、スニペットは言語サーバーによって提供されます。",
	"c_cpp.configuration.enhancedColorization.description": "有効にすると、IntelliSense に基づいてコードが色分けされます。この設定は、IntelliSense が無効になっている場合、または既定のハイ コントラスト テーマを使用している場合は効果がありません。",
	"c_cpp.configuration.vcpkg.enabled.markdownDescription": "[vcpkg 依存関係マネージャー](https://aka.ms/vcpkg/) の統合サービスを有効にします。",
	"c_cpp.configuration.renameRequiresIdentifier.description": "true の場合、'シンボルの名前変更' には有効な C/C++ 識別子が必要です。",
	"c_cpp.configuration.debugger.useBacktickCommandSubstitution.description": "True の場合、デバッガー シェルのコマンド置換では古い backtick (') が使用されます",
	"c_cpp.contributes.views.cppReferencesView.title": "C/C++: その他の参照結果",
	"c_cpp.contributes.viewsContainers.activitybar.CppRenameActivityBar.title": "C/C++ の名前変更",
	"c_cpp.contributes.views.cppRenamePendingView.title": "保留中の名前変更",
	"c_cpp.contributes.views.cppRenameCandidatesView.title": "名前変更候補",
	"c_cpp.command.CppRenameView.remove.title": "参照の削除",
	"c_cpp.command.CppRenameView.add.title": "参照の追加",
	"c_cpp.command.CppRenameView.removeAll.title": "すべての参照の削除",
	"c_cpp.command.CppRenameView.addAll.title": "すべての参照を追加",
	"c_cpp.command.CppRenameView.removeFile.title": "ファイル内の参照の削除",
	"c_cpp.command.CppRenameView.addFile.title": "ファイル内の参照の追加",
	"c_cpp.command.CppRenameView.addReferenceType.title": "型の参照の追加",
	"c_cpp.command.CppRenameView.cancel.title": "名前変更のキャンセル",
	"c_cpp.command.CppRenameView.done.title": "名前変更のコミット",
	"c_cpp.debuggers.pipeTransport.description": "これを指定すると、デバッガーにより、別の実行可能ファイルをパイプとして使用してリモート コンピューターに接続され、VS Code と MI 対応のデバッガー バックエンド実行可能ファイル (gdb など) との間で標準入出力が中継されます。",
	"c_cpp.debuggers.pipeTransport.default.pipeProgram": "パイプ プログラム名の完全修飾パスを入力してください (例: '/usr/bin/ssh')",
	"c_cpp.debuggers.pipeTransport.default.debuggerPath": "対象マシン上のデバッガーへの完全なパス。例: /usr/bin/gdb。",
	"c_cpp.debuggers.pipeTransport.debuggerPath.description": "対象マシン上のデバッガーへの完全なパス。例: /usr/bin/gdb。",
	"c_cpp.debuggers.pipeTransport.pipeCwd.description": "パイプ プログラムに渡す作業ディレクトリの完全修飾パス。",
	"c_cpp.debuggers.pipeTransport.pipeProgram.description": "実行するパイプ コマンドの完全修飾パス。",
	"c_cpp.debuggers.pipeTransport.pipeArgs.description": "接続を構成するためにパイプ プログラムに渡すコマンド ライン引数。",
	"c_cpp.debuggers.pipeTransport.pipeEnv.description": "パイプ プログラムに渡す環境変数。",
	"c_cpp.debuggers.logging.description": "どの種類のメッセージをデバッグ コンソールに記録する必要があるかを決定するオプションのフラグです。",
	"c_cpp.debuggers.logging.exceptions.description": "例外メッセージをデバッグ コンソールに記録するかどうかを決定するオプションのフラグです。既定値は true です。",
	"c_cpp.debuggers.logging.moduleLoad.description": "モジュール読み込みイベントをデバッグ コンソールに記録するかどうかを決定するオプションのフラグです。既定値は true です。",
	"c_cpp.debuggers.logging.programOutput.description": "プログラムの出力をデバッグ コンソールに記録するかどうかを決定するオプションのフラグです。既定値は true です。",
	"c_cpp.debuggers.logging.engineLogging.description": "診断デバッグ エンジンのメッセージをデバッグ コンソールに記録するかどうかを決定するオプションのフラグです。既定値は false です。",
	"c_cpp.debuggers.logging.trace.description": "診断アダプター コマンドのトレースをデバッグ コンソールに記録するかどうかを決定するオプションのフラグです。既定値は false です。",
	"c_cpp.debuggers.logging.traceResponse.description": "診断アダプター コマンドと応答トレースをデバッグ コンソールに記録するかどうかを決定するオプションのフラグです。既定値は false です",
	"c_cpp.debuggers.text.description": "実行するデバッガー コマンドです。",
	"c_cpp.debuggers.description.description": "コマンドの説明 (省略可能)。",
	"c_cpp.debuggers.ignoreFailures.description": "true に設定すると、コマンドの失敗は無視されます。既定値は false です。",
	"c_cpp.debuggers.program.description": "プログラムの実行可能ファイルへの完全なパス。",
	"c_cpp.debuggers.args.description": "プログラムに渡すコマンド ライン引数。",
	"c_cpp.debuggers.cppdbg.type.description": "エンジンの種類。\"cppdbg\" でなければなりません。",
	"c_cpp.debuggers.cppvsdbg.type.description": "エンジンの種類。\"cppvsdbg\" でなければなりません。",
	"c_cpp.debuggers.targetArchitecture.description": "デバッグ対象のアーキテクチャ。このパラメーターを設定しない場合は、自動的に検出されます。可能な値は、x86、arm、arm64、mips、x64、amd64、x86_64 です。",
	"c_cpp.debuggers.cwd.description": "ターゲットの作業ディレクトリです",
	"c_cpp.debuggers.setupCommands.description": "基礎となるデバッガーをセットアップするために実行する 1 つ以上の GDB/LLDB コマンド。例: \"setupCommands\": [ { \"text\": \"-enable-pretty-printing\", \"description\": \"Enable GDB pretty printing\", \"ignoreFailures\": true }]。",
	"c_cpp.debuggers.customLaunchSetupCommands.description": "指定した場合、ターゲットを起動するために使われる既定のコマンドが、他のいくつかのコマンドに置き換えられます。たとえば、ターゲット プロセスにアタッチするためには、\"-target-attach\" と指定します。空のコマンド リストを指定すると、起動コマンドは何とも置き換えられません。これは、デバッガーにコマンド ライン オプションとして起動オプションが提供されている場合に便利です。例: \"customLaunchSetupCommands\": [ { \"text\": \"target-run\", \"description\": \"run target\", \"ignoreFailures\": false }]。",
	"c_cpp.debuggers.launchCompleteCommand.description": "デバッガーが完全にセットアップされた後に、ターゲット プロセスを実行するために実行するコマンド。可能な値は、\"exec-run\"、\"exec-continue\"、\"None\" です。既定値は \"exec-run\" です。",
	"c_cpp.debuggers.cppdbg.visualizerFile.description": "このプロセスをデバッグするときに使用する .natvis ファイルです。このオプションは GDB の再フォーマットと互換性がありません。この設定を使用する場合は、\"showDisplayString\" も参照してください。",
	"c_cpp.debuggers.cppvsdbg.visualizerFile.description": "このプロセスをデバッグするときに使用する .natvis ファイルです。",
	"c_cpp.debuggers.showDisplayString.description": "visualizerFile を指定すると、showDisplayString により表示文字列が有効になります。このオプションをオンにすると、デバッグ中にパフォーマンスが低下する可能性があります。",
	"c_cpp.debuggers.environment.description": "プログラムの環境に追加する環境変数。例: [ { \"name\": \"squid\", \"value\": \"clam\" } ]。",
	"c_cpp.debuggers.envFile.description": "環境変数の定義を含むファイルへの絶対パスです。このファイルには、行ごとに等号で区切られたキーと値のペアがあります。例: KEY=VALUE",
	"c_cpp.debuggers.additionalSOLibSearchPath.description": ".so ファイルの検索に使用する、セミコロンで区切られたディレクトリの一覧です。例: \"c:\\dir1;c:\\dir2\"。",
	"c_cpp.debuggers.MIMode.description": "MIDebugEngine が接続するコンソール デバッガーを示します。許可されている値は \"gdb\" \"lldb\" です。",
	"c_cpp.debuggers.miDebuggerPath.description": "MI デバッガー (gdb など) へのパス。これを指定しないと、デバッガーの検索はパスから開始されます。",
	"c_cpp.debuggers.miDebuggerArgs.description": "MI デバッガー (gdb など) の追加の引数。",
	"c_cpp.debuggers.miDebuggerServerAddress.description": "接続先の MI デバッガー サーバーのネットワークアドレスです (例: localhost: 1234)。",
	"c_cpp.debuggers.stopAtEntry.description": "オプションのパラメーターです。true の場合、デバッガーはターゲットのエントリポイントで停止します。processId が渡された場合は効果はありません。",
	"c_cpp.debuggers.debugServerPath.description": "起動するデバッグ サーバーの完全なパス (省略可能)。既定値は null です。",
	"c_cpp.debuggers.debugServerArgs.description": "デバッグ サーバー引数 (省略可能)。既定値は null です。",
	"c_cpp.debuggers.serverStarted.description": "デバッグ サーバー出力から検索する、サーバー開始のパターン (省略可能)。既定値は null です。",
	"c_cpp.debuggers.filterStdout.description": "サーバー開始のパターンを stdout ストリームから検索し、stdout をデバッグ出力にログ記録します。既定値は true です。",
	"c_cpp.debuggers.filterStderr.description": "サーバー開始のパターンを stderr ストリームから検索し、stderr をデバッグ出力にログ記録します。既定値は false です。",
	"c_cpp.debuggers.serverLaunchTimeout.description": "デバッガーが debugServer の起動を待機する時間 (ミリ秒、省略可能)。既定値は 10000 です。",
	"c_cpp.debuggers.coreDumpPath.description": "指定したプログラムのコア ダンプ ファイルへの完全なパス (省略可能)。既定値は null です。",
	"c_cpp.debuggers.cppdbg.externalConsole.description": "true の場合、デバッグ対象のためにコンソールが起動します。false の場合、Linux および Windows では、統合コンソールに表示されます。",
	"c_cpp.debuggers.cppvsdbg.externalConsole.description": "true の場合、デバッグ対象のためにコンソールが起動します。false の場合、コンソールは起動しません。",
	"c_cpp.debuggers.avoidWindowsConsoleRedirection.description": "true の場合、統合ターミナルのサポートに必要なデバッグ対象のコンソール リダイレクトが無効になります。",
	"c_cpp.debuggers.sourceFileMap.description": "デバッグ エンジンに渡されたソース ファイル マッピングです (オプション)。例: '{ \"/original/source/path\":\"/current/source/path\" }'",
	"c_cpp.debuggers.processId.anyOf.description": "デバッガーをアタッチするためのオプションのプロセス ID です。\"${command:pickProcess}\" を使用すれば、アタッチ先のローカルで実行されているプロセスの一覧を取得できます。一部のプラットフォームでは、プロセスにアタッチするには管理者特権が必要です。",
	"c_cpp.debuggers.symbolSearchPath.description": "シンボル (つまり、pdb) ファイルの検索に使用する、セミコロンで区切られたディレクトリの一覧です。例: \"c:\\dir1;c:\\dir2\"。",
	"c_cpp.debuggers.dumpPath.description": "指定したプログラムのダンプ ファイルへの完全なパスです (オプション)。例: \"c:\\temp\\app.dmp\"。既定値は null です。",
	"c_cpp.debuggers.enableDebugHeap.description": "false の場合、プロセスはデバッグ ヒープを無効にして起動します。これにより、環境変数 '_NO_DEBUG_HEAP' は '1' に設定されます。",
	"c_cpp.debuggers.symbolLoadInfo.description": "シンボルの読み込みを明示的に制御します。",
	"c_cpp.debuggers.symbolLoadInfo.loadAll.description": "true の場合、すべてのライブラリのシンボルが読み込まれます。それ以外の場合、solib シンボルは読み込まれません。既定値は true です。",
	"c_cpp.debuggers.symbolLoadInfo.exceptionList.description": "セミコロン '; ' で区切られたファイル名の一覧 (ワイルドカードも使用可能)。LoadAll の動作が変更されます。LoadAll が true の場合は、一覧内の名前に一致するライブラリのシンボルを読み込まないでください。それ以外の場合は、一致するライブラリのシンボルのみを読み込んでください。例: \"foo.so;bar.so\"",
	"c_cpp.debuggers.requireExactSource.description": "PDB に一致する現在のソース コードを必要とする省略可能なフラグです。"
}